threshold, name, mse (pixel), mse (image), precision, recall, accuracy, f1, csi, far, pod, hss
0.5,SmaAt_UNet,0.09636928141117096,1973.642822265625,0.6470520314591357,0.7717667737058547,0.7479465217564658,0.7039276685046918,0.5431243434484289,0.3529479685405258,0.7717667737058547,0.2437167390199067
0.5,SmaAt_UNet,0.05116391181945801,1047.8369140625,0.6330926019593744,0.8189030598538797,0.7454303209797322,0.7141083482491704,0.5553415890150109,0.36690739804031336,0.8189030598538797,0.24567995521835323
