threshold, name, mse (pixel), mse (image), precision, recall, accuracy, f1, csi, far, pod, hss
0.5,Node_SmaAt_bridge,0.01582900993525982,64.83562469482422,0.6705190287232015,0.821403026534452,0.7739551032131895,0.7383307840189682,0.5852021743582394,0.3294809712764689,0.821403026534452,0.2714636861646498
